sequence,human_CYTB,chimp_CYTB,gorilla_CYTB,orangutan_CYTB,macaque_CYTB
human_CYTB,0.000000,0.115688,0.124452,0.152498,0.211218
chimp_CYTB,0.115688,0.000000,0.117441,0.143734,0.197195
gorilla_CYTB,0.124452,0.117441,0.000000,0.142857,0.189308
orangutan_CYTB,0.152498,0.143734,0.142857,0.000000,0.212971
macaque_CYTB,0.211218,0.197195,0.189308,0.212971,0.000000
