sequence,human_CYTB,chimp_CYTB,gorilla_CYTB,orangutan_CYTB,macaque_CYTB
human_CYTB,-0.000000,0.125649,0.136084,0.170487,0.248072
chimp_CYTB,0.125649,-0.000000,0.127725,0.159566,0.228801
gorilla_CYTB,0.136084,0.127725,-0.000000,0.158482,0.218176
orangutan_CYTB,0.170487,0.159566,0.158482,-0.000000,0.250516
macaque_CYTB,0.248072,0.228801,0.218176,0.250516,-0.000000
